country,date,total_cases,new_cases,new_cases_smoothed,total_cases_per_million,new_cases_per_million,new_cases_smoothed_per_million,total_deaths,new_deaths,new_deaths_smoothed,total_deaths_per_million,new_deaths_per_million,new_deaths_smoothed_per_million,excess_mortality,excess_mortality_cumulative,excess_mortality_cumulative_absolute,excess_mortality_cumulative_per_million,hosp_patients,hosp_patients_per_million,weekly_hosp_admissions,weekly_hosp_admissions_per_million,icu_patients,icu_patients_per_million,weekly_icu_admissions,weekly_icu_admissions_per_million,stringency_index,reproduction_rate,total_tests,new_tests,total_tests_per_thousand,new_tests_per_thousand,new_tests_smoothed,new_tests_smoothed_per_thousand,positive_rate,tests_per_case,total_vaccinations,people_vaccinated,people_fully_vaccinated,total_boosters,new_vaccinations,new_vaccinations_smoothed,total_vaccinations_per_hundred,people_vaccinated_per_hundred,people_fully_vaccinated_per_hundred,total_boosters_per_hundred,new_vaccinations_smoothed_per_million,new_people_vaccinated_smoothed,new_people_vaccinated_smoothed_per_hundred,code,continent,population,population_density,median_age,life_expectancy,gdp_per_capita,extreme_poverty,diabetes_prevalence,handwashing_facilities,hospital_beds_per_thousand,human_development_index
Winter Olympics 2022,2022-01-27,,,,,,,,,,,,,,,,,,,,,,,,,,1.4075,,,,,,,,,,,,,,,,,,,,,,,,,,,,,,,,,
Winter Olympics 2022,2022-01-28,,,,,,,,,,,,,,,,,,,,,,,,,,1.4359,,,,,,,,,,,,,,,,,,,,,,,,,,,,,,,,,
Winter Olympics 2022,2022-01-29,,,,,,,,,,,,,,,,,,,,,,,,,,1.5007,,,,,,,,,,,,,,,,,,,,,,,,,,,,,,,,,
Winter Olympics 2022,2022-01-30,,,,,,,,,,,,,,,,,,,,,,,,,,1.5354,,,,,,,,,,,,,,,,,,,,,,,,,,,,,,,,,
Winter Olympics 2022,2022-01-31,,,,,,,,,,,,,,,,,,,,,,,,,,1.5115,,,,,,,,,,,,,,,,,,,,,,,,,,,,,,,,,
Winter Olympics 2022,2022-02-01,,,,,,,,,,,,,,,,,,,,,,,,,,1.4627,,,,,,,,,,,,,,,,,,,,,,,,,,,,,,,,,
Winter Olympics 2022,2022-02-02,,,,,,,,,,,,,,,,,,,,,,,,,,1.4155,,,,,,,,,,,,,,,,,,,,,,,,,,,,,,,,,
Winter Olympics 2022,2022-02-03,,,,,,,,,,,,,,,,,,,,,,,,,,1.3347,,,,,,,,,,,,,,,,,,,,,,,,,,,,,,,,,
Winter Olympics 2022,2022-02-04,,,,,,,,,,,,,,,,,,,,,,,,,,1.1558,,,,,,,,,,,,,,,,,,,,,,,,,,,,,,,,,
Winter Olympics 2022,2022-02-05,,,,,,,,,,,,,,,,,,,,,,,,,,1.0021,,,,,,,,,,,,,,,,,,,,,,,,,,,,,,,,,
Winter Olympics 2022,2022-02-06,,,,,,,,,,,,,,,,,,,,,,,,,,0.8318,,,,,,,,,,,,,,,,,,,,,,,,,,,,,,,,,
Winter Olympics 2022,2022-02-07,,,,,,,,,,,,,,,,,,,,,,,,,,0.7146,,,,,,,,,,,,,,,,,,,,,,,,,,,,,,,,,
Winter Olympics 2022,2022-02-08,,,,,,,,,,,,,,,,,,,,,,,,,,0.5936,,,,,,,,,,,,,,,,,,,,,,,,,,,,,,,,,
Winter Olympics 2022,2022-02-09,,,,,,,,,,,,,,,,,,,,,,,,,,0.4967,,,,,,,,,,,,,,,,,,,,,,,,,,,,,,,,,
Winter Olympics 2022,2022-02-10,,,,,,,,,,,,,,,,,,,,,,,,,,0.4542,,,,,,,,,,,,,,,,,,,,,,,,,,,,,,,,,
Winter Olympics 2022,2022-02-11,,,,,,,,,,,,,,,,,,,,,,,,,,0.4721,,,,,,,,,,,,,,,,,,,,,,,,,,,,,,,,,
Winter Olympics 2022,2022-02-12,,,,,,,,,,,,,,,,,,,,,,,,,,0.392,,,,,,,,,,,,,,,,,,,,,,,,,,,,,,,,,
Winter Olympics 2022,2022-02-13,,,,,,,,,,,,,,,,,,,,,,,,,,0.3195,,,,,,,,,,,,,,,,,,,,,,,,,,,,,,,,,
Winter Olympics 2022,2022-02-14,,,,,,,,,,,,,,,,,,,,,,,,,,0.2674,,,,,,,,,,,,,,,,,,,,,,,,,,,,,,,,,
Winter Olympics 2022,2022-02-15,,,,,,,,,,,,,,,,,,,,,,,,,,0.2508,,,,,,,,,,,,,,,,,,,,,,,,,,,,,,,,,
Winter Olympics 2022,2022-02-16,,,,,,,,,,,,,,,,,,,,,,,,,,0.212,,,,,,,,,,,,,,,,,,,,,,,,,,,,,,,,,
Winter Olympics 2022,2022-02-17,,,,,,,,,,,,,,,,,,,,,,,,,,0.1541,,,,,,,,,,,,,,,,,,,,,,,,,,,,,,,,,
Winter Olympics 2022,2022-02-18,,,,,,,,,,,,,,,,,,,,,,,,,,0.1032,,,,,,,,,,,,,,,,,,,,,,,,,,,,,,,,,
Winter Olympics 2022,2022-02-19,,,,,,,,,,,,,,,,,,,,,,,,,,0.116,,,,,,,,,,,,,,,,,,,,,,,,,,,,,,,,,
Winter Olympics 2022,2022-02-20,,,,,,,,,,,,,,,,,,,,,,,,,,0.134,,,,,,,,,,,,,,,,,,,,,,,,,,,,,,,,,
Winter Olympics 2022,2022-02-21,,,,,,,,,,,,,,,,,,,,,,,,,,0.1717,,,,,,,,,,,,,,,,,,,,,,,,,,,,,,,,,
Winter Olympics 2022,2022-02-22,,,,,,,,,,,,,,,,,,,,,,,,,,0.2295,,,,,,,,,,,,,,,,,,,,,,,,,,,,,,,,,
Winter Olympics 2022,2022-02-23,,,,,,,,,,,,,,,,,,,,,,,,,,0.3157,,,,,,,,,,,,,,,,,,,,,,,,,,,,,,,,,
Winter Olympics 2022,2022-02-24,,,,,,,,,,,,,,,,,,,,,,,,,,0.3879,,,,,,,,,,,,,,,,,,,,,,,,,,,,,,,,,
Winter Olympics 2022,2022-02-25,,,,,,,,,,,,,,,,,,,,,,,,,,0.4983,,,,,,,,,,,,,,,,,,,,,,,,,,,,,,,,,
Winter Olympics 2022,2022-02-26,,,,,,,,,,,,,,,,,,,,,,,,,,0.587,,,,,,,,,,,,,,,,,,,,,,,,,,,,,,,,,
Winter Olympics 2022,2022-02-27,,,,,,,,,,,,,,,,,,,,,,,,,,0.6962,,,,,,,,,,,,,,,,,,,,,,,,,,,,,,,,,
Winter Olympics 2022,2022-02-28,,,,,,,,,,,,,,,,,,,,,,,,,,0.7429,,,,,,,,,,,,,,,,,,,,,,,,,,,,,,,,,
Winter Olympics 2022,2022-03-01,,,,,,,,,,,,,,,,,,,,,,,,,,0.7258,,,,,,,,,,,,,,,,,,,,,,,,,,,,,,,,,
Winter Olympics 2022,2022-03-02,,,,,,,,,,,,,,,,,,,,,,,,,,0.6757,,,,,,,,,,,,,,,,,,,,,,,,,,,,,,,,,
Winter Olympics 2022,2022-03-03,,,,,,,,,,,,,,,,,,,,,,,,,,0.6662,,,,,,,,,,,,,,,,,,,,,,,,,,,,,,,,,
Winter Olympics 2022,2022-03-04,,,,,,,,,,,,,,,,,,,,,,,,,,0.6557,,,,,,,,,,,,,,,,,,,,,,,,,,,,,,,,,
Winter Olympics 2022,2022-03-05,,,,,,,,,,,,,,,,,,,,,,,,,,0.5744,,,,,,,,,,,,,,,,,,,,,,,,,,,,,,,,,
Winter Olympics 2022,2022-03-06,,,,,,,,,,,,,,,,,,,,,,,,,,0.5105,,,,,,,,,,,,,,,,,,,,,,,,,,,,,,,,,
Winter Olympics 2022,2022-03-07,,,,,,,,,,,,,,,,,,,,,,,,,,0.4417,,,,,,,,,,,,,,,,,,,,,,,,,,,,,,,,,
Winter Olympics 2022,2022-03-08,,,,,,,,,,,,,,,,,,,,,,,,,,0.4155,,,,,,,,,,,,,,,,,,,,,,,,,,,,,,,,,
Winter Olympics 2022,2022-03-09,,,,,,,,,,,,,,,,,,,,,,,,,,0.3888,,,,,,,,,,,,,,,,,,,,,,,,,,,,,,,,,
Winter Olympics 2022,2022-03-10,,,,,,,,,,,,,,,,,,,,,,,,,,0.3583,,,,,,,,,,,,,,,,,,,,,,,,,,,,,,,,,
Winter Olympics 2022,2022-03-11,,,,,,,,,,,,,,,,,,,,,,,,,,0.2415,,,,,,,,,,,,,,,,,,,,,,,,,,,,,,,,,
Winter Olympics 2022,2022-03-12,,,,,,,,,,,,,,,,,,,,,,,,,,0.1739,,,,,,,,,,,,,,,,,,,,,,,,,,,,,,,,,
Winter Olympics 2022,2022-03-13,,,,,,,,,,,,,,,,,,,,,,,,,,0.1111,,,,,,,,,,,,,,,,,,,,,,,,,,,,,,,,,
Winter Olympics 2022,2022-03-14,,,,,,,,,,,,,,,,,,,,,,,,,,0.0829,,,,,,,,,,,,,,,,,,,,,,,,,,,,,,,,,
Winter Olympics 2022,2022-03-15,,,,,,,,,,,,,,,,,,,,,,,,,,0.0563,,,,,,,,,,,,,,,,,,,,,,,,,,,,,,,,,
Winter Olympics 2022,2022-03-16,,,,,,,,,,,,,,,,,,,,,,,,,,0.0389,,,,,,,,,,,,,,,,,,,,,,,,,,,,,,,,,
Winter Olympics 2022,2022-03-17,,,,,,,,,,,,,,,,,,,,,,,,,,0.0066,,,,,,,,,,,,,,,,,,,,,,,,,,,,,,,,,
Winter Olympics 2022,2022-03-18,,,,,,,,,,,,,,,,,,,,,,,,,,0.0051,,,,,,,,,,,,,,,,,,,,,,,,,,,,,,,,,
Winter Olympics 2022,2022-03-19,,,,,,,,,,,,,,,,,,,,,,,,,,0.01,,,,,,,,,,,,,,,,,,,,,,,,,,,,,,,,,
Winter Olympics 2022,2022-03-20,,,,,,,,,,,,,,,,,,,,,,,,,,0.0079,,,,,,,,,,,,,,,,,,,,,,,,,,,,,,,,,
Winter Olympics 2022,2022-03-21,,,,,,,,,,,,,,,,,,,,,,,,,,0.0099,,,,,,,,,,,,,,,,,,,,,,,,,,,,,,,,,
Winter Olympics 2022,2022-03-22,,,,,,,,,,,,,,,,,,,,,,,,,,0.0077,,,,,,,,,,,,,,,,,,,,,,,,,,,,,,,,,
Winter Olympics 2022,2022-03-23,,,,,,,,,,,,,,,,,,,,,,,,,,0.004,,,,,,,,,,,,,,,,,,,,,,,,,,,,,,,,,
Winter Olympics 2022,2022-03-24,,,,,,,,,,,,,,,,,,,,,,,,,,-0.0056,,,,,,,,,,,,,,,,,,,,,,,,,,,,,,,,,
Winter Olympics 2022,2022-03-25,,,,,,,,,,,,,,,,,,,,,,,,,,-0.0051,,,,,,,,,,,,,,,,,,,,,,,,,,,,,,,,,
Winter Olympics 2022,2022-03-26,,,,,,,,,,,,,,,,,,,,,,,,,,-0.0011,,,,,,,,,,,,,,,,,,,,,,,,,,,,,,,,,
Winter Olympics 2022,2022-03-27,,,,,,,,,,,,,,,,,,,,,,,,,,0.0014,,,,,,,,,,,,,,,,,,,,,,,,,,,,,,,,,
Winter Olympics 2022,2022-03-28,,,,,,,,,,,,,,,,,,,,,,,,,,0.0039,,,,,,,,,,,,,,,,,,,,,,,,,,,,,,,,,
Winter Olympics 2022,2022-03-29,,,,,,,,,,,,,,,,,,,,,,,,,,0.0041,,,,,,,,,,,,,,,,,,,,,,,,,,,,,,,,,
Winter Olympics 2022,2022-03-30,,,,,,,,,,,,,,,,,,,,,,,,,,0.0019,,,,,,,,,,,,,,,,,,,,,,,,,,,,,,,,,
Winter Olympics 2022,2022-03-31,,,,,,,,,,,,,,,,,,,,,,,,,,-0.0017,,,,,,,,,,,,,,,,,,,,,,,,,,,,,,,,,
Winter Olympics 2022,2022-04-01,,,,,,,,,,,,,,,,,,,,,,,,,,-0.0021,,,,,,,,,,,,,,,,,,,,,,,,,,,,,,,,,
Winter Olympics 2022,2022-04-02,,,,,,,,,,,,,,,,,,,,,,,,,,-0.0002,,,,,,,,,,,,,,,,,,,,,,,,,,,,,,,,,
Winter Olympics 2022,2022-04-03,,,,,,,,,,,,,,,,,,,,,,,,,,0.0016,,,,,,,,,,,,,,,,,,,,,,,,,,,,,,,,,
Winter Olympics 2022,2022-04-04,,,,,,,,,,,,,,,,,,,,,,,,,,0.0025,,,,,,,,,,,,,,,,,,,,,,,,,,,,,,,,,
Winter Olympics 2022,2022-04-05,,,,,,,,,,,,,,,,,,,,,,,,,,0.0029,,,,,,,,,,,,,,,,,,,,,,,,,,,,,,,,,
Winter Olympics 2022,2022-04-06,,,,,,,,,,,,,,,,,,,,,,,,,,0.0017,,,,,,,,,,,,,,,,,,,,,,,,,,,,,,,,,
Winter Olympics 2022,2022-04-07,,,,,,,,,,,,,,,,,,,,,,,,,,-0.0007,,,,,,,,,,,,,,,,,,,,,,,,,,,,,,,,,
Winter Olympics 2022,2022-04-08,,,,,,,,,,,,,,,,,,,,,,,,,,-0.0007,,,,,,,,,,,,,,,,,,,,,,,,,,,,,,,,,
Winter Olympics 2022,2022-04-09,,,,,,,,,,,,,,,,,,,,,,,,,,0.0003,,,,,,,,,,,,,,,,,,,,,,,,,,,,,,,,,
Winter Olympics 2022,2022-04-10,,,,,,,,,,,,,,,,,,,,,,,,,,0.001,,,,,,,,,,,,,,,,,,,,,,,,,,,,,,,,,
Winter Olympics 2022,2022-04-11,,,,,,,,,,,,,,,,,,,,,,,,,,0.0015,,,,,,,,,,,,,,,,,,,,,,,,,,,,,,,,,
Winter Olympics 2022,2022-04-12,,,,,,,,,,,,,,,,,,,,,,,,,,0.0016,,,,,,,,,,,,,,,,,,,,,,,,,,,,,,,,,
Winter Olympics 2022,2022-04-13,,,,,,,,,,,,,,,,,,,,,,,,,,0.0006,,,,,,,,,,,,,,,,,,,,,,,,,,,,,,,,,
Winter Olympics 2022,2022-04-14,,,,,,,,,,,,,,,,,,,,,,,,,,-0.0007,,,,,,,,,,,,,,,,,,,,,,,,,,,,,,,,,
Winter Olympics 2022,2022-04-15,,,,,,,,,,,,,,,,,,,,,,,,,,-0.0005,,,,,,,,,,,,,,,,,,,,,,,,,,,,,,,,,
Winter Olympics 2022,2022-04-16,,,,,,,,,,,,,,,,,,,,,,,,,,-0.0001,,,,,,,,,,,,,,,,,,,,,,,,,,,,,,,,,
Winter Olympics 2022,2022-04-17,,,,,,,,,,,,,,,,,,,,,,,,,,0.0006,,,,,,,,,,,,,,,,,,,,,,,,,,,,,,,,,
Winter Olympics 2022,2022-04-18,,,,,,,,,,,,,,,,,,,,,,,,,,0.0012,,,,,,,,,,,,,,,,,,,,,,,,,,,,,,,,,
Winter Olympics 2022,2022-04-19,,,,,,,,,,,,,,,,,,,,,,,,,,0.0011,,,,,,,,,,,,,,,,,,,,,,,,,,,,,,,,,
Winter Olympics 2022,2022-04-20,,,,,,,,,,,,,,,,,,,,,,,,,,-0.0,,,,,,,,,,,,,,,,,,,,,,,,,,,,,,,,,
Winter Olympics 2022,2022-04-21,,,,,,,,,,,,,,,,,,,,,,,,,,-0.0005,,,,,,,,,,,,,,,,,,,,,,,,,,,,,,,,,
Winter Olympics 2022,2022-04-22,,,,,,,,,,,,,,,,,,,,,,,,,,-0.0008,,,,,,,,,,,,,,,,,,,,,,,,,,,,,,,,,
Winter Olympics 2022,2022-04-23,,,,,,,,,,,,,,,,,,,,,,,,,,-0.0002,,,,,,,,,,,,,,,,,,,,,,,,,,,,,,,,,
Winter Olympics 2022,2022-04-24,,,,,,,,,,,,,,,,,,,,,,,,,,0.0005,,,,,,,,,,,,,,,,,,,,,,,,,,,,,,,,,
Winter Olympics 2022,2022-04-25,,,,,,,,,,,,,,,,,,,,,,,,,,0.0008,,,,,,,,,,,,,,,,,,,,,,,,,,,,,,,,,
Winter Olympics 2022,2022-04-26,,,,,,,,,,,,,,,,,,,,,,,,,,0.0011,,,,,,,,,,,,,,,,,,,,,,,,,,,,,,,,,
Winter Olympics 2022,2022-04-27,,,,,,,,,,,,,,,,,,,,,,,,,,0.0005,,,,,,,,,,,,,,,,,,,,,,,,,,,,,,,,,
Winter Olympics 2022,2022-04-28,,,,,,,,,,,,,,,,,,,,,,,,,,0.0001,,,,,,,,,,,,,,,,,,,,,,,,,,,,,,,,,
Winter Olympics 2022,2022-04-29,,,,,,,,,,,,,,,,,,,,,,,,,,-0.0001,,,,,,,,,,,,,,,,,,,,,,,,,,,,,,,,,
Winter Olympics 2022,2022-04-30,,,,,,,,,,,,,,,,,,,,,,,,,,-0.0001,,,,,,,,,,,,,,,,,,,,,,,,,,,,,,,,,
Winter Olympics 2022,2022-05-01,,,,,,,,,,,,,,,,,,,,,,,,,,0.0001,,,,,,,,,,,,,,,,,,,,,,,,,,,,,,,,,
Winter Olympics 2022,2022-05-02,,,,,,,,,,,,,,,,,,,,,,,,,,0.0006,,,,,,,,,,,,,,,,,,,,,,,,,,,,,,,,,
Winter Olympics 2022,2022-05-03,,,,,,,,,,,,,,,,,,,,,,,,,,0.0007,,,,,,,,,,,,,,,,,,,,,,,,,,,,,,,,,
Winter Olympics 2022,2022-05-04,,,,,,,,,,,,,,,,,,,,,,,,,,0.0004,,,,,,,,,,,,,,,,,,,,,,,,,,,,,,,,,
Winter Olympics 2022,2022-05-05,,,,,,,,,,,,,,,,,,,,,,,,,,0.0003,,,,,,,,,,,,,,,,,,,,,,,,,,,,,,,,,
Winter Olympics 2022,2022-05-06,,,,,,,,,,,,,,,,,,,,,,,,,,0.0006,,,,,,,,,,,,,,,,,,,,,,,,,,,,,,,,,
Winter Olympics 2022,2022-05-07,,,,,,,,,,,,,,,,,,,,,,,,,,-0.0,,,,,,,,,,,,,,,,,,,,,,,,,,,,,,,,,
Winter Olympics 2022,2022-05-08,,,,,,,,,,,,,,,,,,,,,,,,,,0.0002,,,,,,,,,,,,,,,,,,,,,,,,,,,,,,,,,
Winter Olympics 2022,2022-05-09,,,,,,,,,,,,,,,,,,,,,,,,,,0.0003,,,,,,,,,,,,,,,,,,,,,,,,,,,,,,,,,
Winter Olympics 2022,2022-05-10,,,,,,,,,,,,,,,,,,,,,,,,,,0.0001,,,,,,,,,,,,,,,,,,,,,,,,,,,,,,,,,
Winter Olympics 2022,2022-05-11,,,,,,,,,,,,,,,,,,,,,,,,,,0.0002,,,,,,,,,,,,,,,,,,,,,,,,,,,,,,,,,
Winter Olympics 2022,2022-05-12,,,,,,,,,,,,,,,,,,,,,,,,,,-0.0003,,,,,,,,,,,,,,,,,,,,,,,,,,,,,,,,,
Winter Olympics 2022,2022-05-13,,,,,,,,,,,,,,,,,,,,,,,,,,-0.0003,,,,,,,,,,,,,,,,,,,,,,,,,,,,,,,,,
Winter Olympics 2022,2022-05-14,,,,,,,,,,,,,,,,,,,,,,,,,,-0.0005,,,,,,,,,,,,,,,,,,,,,,,,,,,,,,,,,
Winter Olympics 2022,2022-05-15,,,,,,,,,,,,,,,,,,,,,,,,,,-0.0004,,,,,,,,,,,,,,,,,,,,,,,,,,,,,,,,,
Winter Olympics 2022,2022-05-16,,,,,,,,,,,,,,,,,,,,,,,,,,-0.0001,,,,,,,,,,,,,,,,,,,,,,,,,,,,,,,,,
Winter Olympics 2022,2022-05-17,,,,,,,,,,,,,,,,,,,,,,,,,,0.0002,,,,,,,,,,,,,,,,,,,,,,,,,,,,,,,,,
Winter Olympics 2022,2022-05-18,,,,,,,,,,,,,,,,,,,,,,,,,,0.0006,,,,,,,,,,,,,,,,,,,,,,,,,,,,,,,,,
Winter Olympics 2022,2022-05-19,,,,,,,,,,,,,,,,,,,,,,,,,,0.0004,,,,,,,,,,,,,,,,,,,,,,,,,,,,,,,,,
Winter Olympics 2022,2022-05-20,,,,,,,,,,,,,,,,,,,,,,,,,,0.0003,,,,,,,,,,,,,,,,,,,,,,,,,,,,,,,,,
Winter Olympics 2022,2022-05-21,,,,,,,,,,,,,,,,,,,,,,,,,,0.0002,,,,,,,,,,,,,,,,,,,,,,,,,,,,,,,,,
Winter Olympics 2022,2022-05-22,,,,,,,,,,,,,,,,,,,,,,,,,,-0.0001,,,,,,,,,,,,,,,,,,,,,,,,,,,,,,,,,
Winter Olympics 2022,2022-05-23,,,,,,,,,,,,,,,,,,,,,,,,,,0.0005,,,,,,,,,,,,,,,,,,,,,,,,,,,,,,,,,
Winter Olympics 2022,2022-05-24,,,,,,,,,,,,,,,,,,,,,,,,,,0.0004,,,,,,,,,,,,,,,,,,,,,,,,,,,,,,,,,
Winter Olympics 2022,2022-05-25,,,,,,,,,,,,,,,,,,,,,,,,,,0.0002,,,,,,,,,,,,,,,,,,,,,,,,,,,,,,,,,
Winter Olympics 2022,2022-05-26,,,,,,,,,,,,,,,,,,,,,,,,,,0.0005,,,,,,,,,,,,,,,,,,,,,,,,,,,,,,,,,
Winter Olympics 2022,2022-05-27,,,,,,,,,,,,,,,,,,,,,,,,,,-0.0001,,,,,,,,,,,,,,,,,,,,,,,,,,,,,,,,,
Winter Olympics 2022,2022-05-28,,,,,,,,,,,,,,,,,,,,,,,,,,0.0003,,,,,,,,,,,,,,,,,,,,,,,,,,,,,,,,,
Winter Olympics 2022,2022-05-29,,,,,,,,,,,,,,,,,,,,,,,,,,0.0001,,,,,,,,,,,,,,,,,,,,,,,,,,,,,,,,,
Winter Olympics 2022,2022-05-30,,,,,,,,,,,,,,,,,,,,,,,,,,0.0002,,,,,,,,,,,,,,,,,,,,,,,,,,,,,,,,,
Winter Olympics 2022,2022-05-31,,,,,,,,,,,,,,,,,,,,,,,,,,0.0001,,,,,,,,,,,,,,,,,,,,,,,,,,,,,,,,,
Winter Olympics 2022,2022-06-01,,,,,,,,,,,,,,,,,,,,,,,,,,0.0001,,,,,,,,,,,,,,,,,,,,,,,,,,,,,,,,,
Winter Olympics 2022,2022-06-02,,,,,,,,,,,,,,,,,,,,,,,,,,0.0001,,,,,,,,,,,,,,,,,,,,,,,,,,,,,,,,,
Winter Olympics 2022,2022-06-03,,,,,,,,,,,,,,,,,,,,,,,,,,0.0,,,,,,,,,,,,,,,,,,,,,,,,,,,,,,,,,
Winter Olympics 2022,2022-06-04,,,,,,,,,,,,,,,,,,,,,,,,,,-0.0004,,,,,,,,,,,,,,,,,,,,,,,,,,,,,,,,,
Winter Olympics 2022,2022-06-05,,,,,,,,,,,,,,,,,,,,,,,,,,-0.0007,,,,,,,,,,,,,,,,,,,,,,,,,,,,,,,,,
Winter Olympics 2022,2022-06-06,,,,,,,,,,,,,,,,,,,,,,,,,,-0.0003,,,,,,,,,,,,,,,,,,,,,,,,,,,,,,,,,
Winter Olympics 2022,2022-06-07,,,,,,,,,,,,,,,,,,,,,,,,,,-0.0003,,,,,,,,,,,,,,,,,,,,,,,,,,,,,,,,,
Winter Olympics 2022,2022-06-08,,,,,,,,,,,,,,,,,,,,,,,,,,-0.0002,,,,,,,,,,,,,,,,,,,,,,,,,,,,,,,,,
Winter Olympics 2022,2022-06-09,,,,,,,,,,,,,,,,,,,,,,,,,,-0.0003,,,,,,,,,,,,,,,,,,,,,,,,,,,,,,,,,
Winter Olympics 2022,2022-06-10,,,,,,,,,,,,,,,,,,,,,,,,,,-0.0006,,,,,,,,,,,,,,,,,,,,,,,,,,,,,,,,,
Winter Olympics 2022,2022-06-11,,,,,,,,,,,,,,,,,,,,,,,,,,0.0002,,,,,,,,,,,,,,,,,,,,,,,,,,,,,,,,,
Winter Olympics 2022,2022-06-12,,,,,,,,,,,,,,,,,,,,,,,,,,0.0,,,,,,,,,,,,,,,,,,,,,,,,,,,,,,,,,
Winter Olympics 2022,2022-06-13,,,,,,,,,,,,,,,,,,,,,,,,,,0.0004,,,,,,,,,,,,,,,,,,,,,,,,,,,,,,,,,
Winter Olympics 2022,2022-06-14,,,,,,,,,,,,,,,,,,,,,,,,,,0.0006,,,,,,,,,,,,,,,,,,,,,,,,,,,,,,,,,
Winter Olympics 2022,2022-06-15,,,,,,,,,,,,,,,,,,,,,,,,,,0.001,,,,,,,,,,,,,,,,,,,,,,,,,,,,,,,,,
Winter Olympics 2022,2022-06-16,,,,,,,,,,,,,,,,,,,,,,,,,,0.0011,,,,,,,,,,,,,,,,,,,,,,,,,,,,,,,,,
Winter Olympics 2022,2022-06-17,,,,,,,,,,,,,,,,,,,,,,,,,,0.0009,,,,,,,,,,,,,,,,,,,,,,,,,,,,,,,,,
Winter Olympics 2022,2022-06-18,,,,,,,,,,,,,,,,,,,,,,,,,,0.0002,,,,,,,,,,,,,,,,,,,,,,,,,,,,,,,,,
Winter Olympics 2022,2022-06-19,,,,,,,,,,,,,,,,,,,,,,,,,,0.0005,,,,,,,,,,,,,,,,,,,,,,,,,,,,,,,,,
Winter Olympics 2022,2022-06-20,,,,,,,,,,,,,,,,,,,,,,,,,,0.0008,,,,,,,,,,,,,,,,,,,,,,,,,,,,,,,,,
Winter Olympics 2022,2022-06-21,,,,,,,,,,,,,,,,,,,,,,,,,,0.0007,,,,,,,,,,,,,,,,,,,,,,,,,,,,,,,,,
Winter Olympics 2022,2022-06-22,,,,,,,,,,,,,,,,,,,,,,,,,,0.0006,,,,,,,,,,,,,,,,,,,,,,,,,,,,,,,,,
Winter Olympics 2022,2022-06-23,,,,,,,,,,,,,,,,,,,,,,,,,,0.0004,,,,,,,,,,,,,,,,,,,,,,,,,,,,,,,,,
Winter Olympics 2022,2022-06-24,,,,,,,,,,,,,,,,,,,,,,,,,,0.0004,,,,,,,,,,,,,,,,,,,,,,,,,,,,,,,,,
Winter Olympics 2022,2022-06-25,,,,,,,,,,,,,,,,,,,,,,,,,,0.0001,,,,,,,,,,,,,,,,,,,,,,,,,,,,,,,,,
Winter Olympics 2022,2022-06-26,,,,,,,,,,,,,,,,,,,,,,,,,,0.0,,,,,,,,,,,,,,,,,,,,,,,,,,,,,,,,,
Winter Olympics 2022,2022-06-27,,,,,,,,,,,,,,,,,,,,,,,,,,-0.0006,,,,,,,,,,,,,,,,,,,,,,,,,,,,,,,,,
Winter Olympics 2022,2022-06-28,,,,,,,,,,,,,,,,,,,,,,,,,,-0.0001,,,,,,,,,,,,,,,,,,,,,,,,,,,,,,,,,
Winter Olympics 2022,2022-06-29,,,,,,,,,,,,,,,,,,,,,,,,,,-0.0003,,,,,,,,,,,,,,,,,,,,,,,,,,,,,,,,,
Winter Olympics 2022,2022-06-30,,,,,,,,,,,,,,,,,,,,,,,,,,-0.0002,,,,,,,,,,,,,,,,,,,,,,,,,,,,,,,,,
Winter Olympics 2022,2022-07-01,,,,,,,,,,,,,,,,,,,,,,,,,,-0.0003,,,,,,,,,,,,,,,,,,,,,,,,,,,,,,,,,
Winter Olympics 2022,2022-07-02,,,,,,,,,,,,,,,,,,,,,,,,,,0.0003,,,,,,,,,,,,,,,,,,,,,,,,,,,,,,,,,
Winter Olympics 2022,2022-07-03,,,,,,,,,,,,,,,,,,,,,,,,,,-0.0,,,,,,,,,,,,,,,,,,,,,,,,,,,,,,,,,
Winter Olympics 2022,2022-07-04,,,,,,,,,,,,,,,,,,,,,,,,,,0.0005,,,,,,,,,,,,,,,,,,,,,,,,,,,,,,,,,
Winter Olympics 2022,2022-07-05,,,,,,,,,,,,,,,,,,,,,,,,,,0.0002,,,,,,,,,,,,,,,,,,,,,,,,,,,,,,,,,
Winter Olympics 2022,2022-07-06,,,,,,,,,,,,,,,,,,,,,,,,,,0.0005,,,,,,,,,,,,,,,,,,,,,,,,,,,,,,,,,
Winter Olympics 2022,2022-07-07,,,,,,,,,,,,,,,,,,,,,,,,,,0.0006,,,,,,,,,,,,,,,,,,,,,,,,,,,,,,,,,
Winter Olympics 2022,2022-07-08,,,,,,,,,,,,,,,,,,,,,,,,,,0.0005,,,,,,,,,,,,,,,,,,,,,,,,,,,,,,,,,
Winter Olympics 2022,2022-07-09,,,,,,,,,,,,,,,,,,,,,,,,,,-0.0002,,,,,,,,,,,,,,,,,,,,,,,,,,,,,,,,,
Winter Olympics 2022,2022-07-10,,,,,,,,,,,,,,,,,,,,,,,,,,-0.0001,,,,,,,,,,,,,,,,,,,,,,,,,,,,,,,,,
Winter Olympics 2022,2022-07-11,,,,,,,,,,,,,,,,,,,,,,,,,,-0.0003,,,,,,,,,,,,,,,,,,,,,,,,,,,,,,,,,
Winter Olympics 2022,2022-07-12,,,,,,,,,,,,,,,,,,,,,,,,,,-0.0,,,,,,,,,,,,,,,,,,,,,,,,,,,,,,,,,
Winter Olympics 2022,2022-07-13,,,,,,,,,,,,,,,,,,,,,,,,,,-0.0003,,,,,,,,,,,,,,,,,,,,,,,,,,,,,,,,,
Winter Olympics 2022,2022-07-14,,,,,,,,,,,,,,,,,,,,,,,,,,-0.0002,,,,,,,,,,,,,,,,,,,,,,,,,,,,,,,,,
Winter Olympics 2022,2022-07-15,,,,,,,,,,,,,,,,,,,,,,,,,,-0.0004,,,,,,,,,,,,,,,,,,,,,,,,,,,,,,,,,
Winter Olympics 2022,2022-07-16,,,,,,,,,,,,,,,,,,,,,,,,,,-0.0002,,,,,,,,,,,,,,,,,,,,,,,,,,,,,,,,,
Winter Olympics 2022,2022-07-17,,,,,,,,,,,,,,,,,,,,,,,,,,-0.0008,,,,,,,,,,,,,,,,,,,,,,,,,,,,,,,,,
Winter Olympics 2022,2022-07-18,,,,,,,,,,,,,,,,,,,,,,,,,,-0.0008,,,,,,,,,,,,,,,,,,,,,,,,,,,,,,,,,
Winter Olympics 2022,2022-07-19,,,,,,,,,,,,,,,,,,,,,,,,,,-0.001,,,,,,,,,,,,,,,,,,,,,,,,,,,,,,,,,
Winter Olympics 2022,2022-07-20,,,,,,,,,,,,,,,,,,,,,,,,,,-0.0007,,,,,,,,,,,,,,,,,,,,,,,,,,,,,,,,,
Winter Olympics 2022,2022-07-21,,,,,,,,,,,,,,,,,,,,,,,,,,-0.0006,,,,,,,,,,,,,,,,,,,,,,,,,,,,,,,,,
Winter Olympics 2022,2022-07-22,,,,,,,,,,,,,,,,,,,,,,,,,,-0.0002,,,,,,,,,,,,,,,,,,,,,,,,,,,,,,,,,
Winter Olympics 2022,2022-07-23,,,,,,,,,,,,,,,,,,,,,,,,,,0.0001,,,,,,,,,,,,,,,,,,,,,,,,,,,,,,,,,
Winter Olympics 2022,2022-07-24,,,,,,,,,,,,,,,,,,,,,,,,,,-0.0004,,,,,,,,,,,,,,,,,,,,,,,,,,,,,,,,,
Winter Olympics 2022,2022-07-25,,,,,,,,,,,,,,,,,,,,,,,,,,-0.0006,,,,,,,,,,,,,,,,,,,,,,,,,,,,,,,,,
Winter Olympics 2022,2022-07-26,,,,,,,,,,,,,,,,,,,,,,,,,,-0.0003,,,,,,,,,,,,,,,,,,,,,,,,,,,,,,,,,
Winter Olympics 2022,2022-07-27,,,,,,,,,,,,,,,,,,,,,,,,,,-0.0002,,,,,,,,,,,,,,,,,,,,,,,,,,,,,,,,,
Winter Olympics 2022,2022-07-28,,,,,,,,,,,,,,,,,,,,,,,,,,-0.0,,,,,,,,,,,,,,,,,,,,,,,,,,,,,,,,,
Winter Olympics 2022,2022-07-29,,,,,,,,,,,,,,,,,,,,,,,,,,0.0003,,,,,,,,,,,,,,,,,,,,,,,,,,,,,,,,,
Winter Olympics 2022,2022-07-30,,,,,,,,,,,,,,,,,,,,,,,,,,-0.0001,,,,,,,,,,,,,,,,,,,,,,,,,,,,,,,,,
Winter Olympics 2022,2022-07-31,,,,,,,,,,,,,,,,,,,,,,,,,,0.0001,,,,,,,,,,,,,,,,,,,,,,,,,,,,,,,,,
Winter Olympics 2022,2022-08-01,,,,,,,,,,,,,,,,,,,,,,,,,,0.0003,,,,,,,,,,,,,,,,,,,,,,,,,,,,,,,,,
Winter Olympics 2022,2022-08-02,,,,,,,,,,,,,,,,,,,,,,,,,,0.0004,,,,,,,,,,,,,,,,,,,,,,,,,,,,,,,,,
Winter Olympics 2022,2022-08-03,,,,,,,,,,,,,,,,,,,,,,,,,,0.0002,,,,,,,,,,,,,,,,,,,,,,,,,,,,,,,,,
Winter Olympics 2022,2022-08-04,,,,,,,,,,,,,,,,,,,,,,,,,,0.0006,,,,,,,,,,,,,,,,,,,,,,,,,,,,,,,,,
Winter Olympics 2022,2022-08-05,,,,,,,,,,,,,,,,,,,,,,,,,,0.0006,,,,,,,,,,,,,,,,,,,,,,,,,,,,,,,,,
Winter Olympics 2022,2022-08-06,,,,,,,,,,,,,,,,,,,,,,,,,,0.0005,,,,,,,,,,,,,,,,,,,,,,,,,,,,,,,,,
Winter Olympics 2022,2022-08-07,,,,,,,,,,,,,,,,,,,,,,,,,,0.0002,,,,,,,,,,,,,,,,,,,,,,,,,,,,,,,,,
Winter Olympics 2022,2022-08-08,,,,,,,,,,,,,,,,,,,,,,,,,,0.0001,,,,,,,,,,,,,,,,,,,,,,,,,,,,,,,,,
Winter Olympics 2022,2022-08-09,,,,,,,,,,,,,,,,,,,,,,,,,,0.0002,,,,,,,,,,,,,,,,,,,,,,,,,,,,,,,,,
Winter Olympics 2022,2022-08-10,,,,,,,,,,,,,,,,,,,,,,,,,,0.0001,,,,,,,,,,,,,,,,,,,,,,,,,,,,,,,,,
Winter Olympics 2022,2022-08-11,,,,,,,,,,,,,,,,,,,,,,,,,,0.0004,,,,,,,,,,,,,,,,,,,,,,,,,,,,,,,,,
Winter Olympics 2022,2022-08-12,,,,,,,,,,,,,,,,,,,,,,,,,,0.0009,,,,,,,,,,,,,,,,,,,,,,,,,,,,,,,,,
Winter Olympics 2022,2022-08-13,,,,,,,,,,,,,,,,,,,,,,,,,,0.0009,,,,,,,,,,,,,,,,,,,,,,,,,,,,,,,,,
Winter Olympics 2022,2022-08-14,,,,,,,,,,,,,,,,,,,,,,,,,,0.0006,,,,,,,,,,,,,,,,,,,,,,,,,,,,,,,,,
Winter Olympics 2022,2022-08-15,,,,,,,,,,,,,,,,,,,,,,,,,,0.0008,,,,,,,,,,,,,,,,,,,,,,,,,,,,,,,,,
Winter Olympics 2022,2022-08-16,,,,,,,,,,,,,,,,,,,,,,,,,,0.0004,,,,,,,,,,,,,,,,,,,,,,,,,,,,,,,,,
Winter Olympics 2022,2022-08-17,,,,,,,,,,,,,,,,,,,,,,,,,,0.0006,,,,,,,,,,,,,,,,,,,,,,,,,,,,,,,,,
Winter Olympics 2022,2022-08-18,,,,,,,,,,,,,,,,,,,,,,,,,,0.0006,,,,,,,,,,,,,,,,,,,,,,,,,,,,,,,,,
Winter Olympics 2022,2022-08-19,,,,,,,,,,,,,,,,,,,,,,,,,,0.0001,,,,,,,,,,,,,,,,,,,,,,,,,,,,,,,,,
Winter Olympics 2022,2022-08-20,,,,,,,,,,,,,,,,,,,,,,,,,,0.0003,,,,,,,,,,,,,,,,,,,,,,,,,,,,,,,,,
Winter Olympics 2022,2022-08-21,,,,,,,,,,,,,,,,,,,,,,,,,,0.0001,,,,,,,,,,,,,,,,,,,,,,,,,,,,,,,,,
Winter Olympics 2022,2022-08-22,,,,,,,,,,,,,,,,,,,,,,,,,,-0.0004,,,,,,,,,,,,,,,,,,,,,,,,,,,,,,,,,
Winter Olympics 2022,2022-08-23,,,,,,,,,,,,,,,,,,,,,,,,,,-0.0002,,,,,,,,,,,,,,,,,,,,,,,,,,,,,,,,,
Winter Olympics 2022,2022-08-24,,,,,,,,,,,,,,,,,,,,,,,,,,-0.0,,,,,,,,,,,,,,,,,,,,,,,,,,,,,,,,,
Winter Olympics 2022,2022-08-25,,,,,,,,,,,,,,,,,,,,,,,,,,-0.0001,,,,,,,,,,,,,,,,,,,,,,,,,,,,,,,,,
Winter Olympics 2022,2022-08-26,,,,,,,,,,,,,,,,,,,,,,,,,,0.0001,,,,,,,,,,,,,,,,,,,,,,,,,,,,,,,,,
Winter Olympics 2022,2022-08-27,,,,,,,,,,,,,,,,,,,,,,,,,,0.0001,,,,,,,,,,,,,,,,,,,,,,,,,,,,,,,,,
Winter Olympics 2022,2022-08-28,,,,,,,,,,,,,,,,,,,,,,,,,,0.0,,,,,,,,,,,,,,,,,,,,,,,,,,,,,,,,,
Winter Olympics 2022,2022-08-29,,,,,,,,,,,,,,,,,,,,,,,,,,-0.0003,,,,,,,,,,,,,,,,,,,,,,,,,,,,,,,,,
Winter Olympics 2022,2022-08-30,,,,,,,,,,,,,,,,,,,,,,,,,,0.0004,,,,,,,,,,,,,,,,,,,,,,,,,,,,,,,,,
Winter Olympics 2022,2022-08-31,,,,,,,,,,,,,,,,,,,,,,,,,,0.0006,,,,,,,,,,,,,,,,,,,,,,,,,,,,,,,,,
Winter Olympics 2022,2022-09-01,,,,,,,,,,,,,,,,,,,,,,,,,,0.0003,,,,,,,,,,,,,,,,,,,,,,,,,,,,,,,,,
Winter Olympics 2022,2022-09-02,,,,,,,,,,,,,,,,,,,,,,,,,,0.0005,,,,,,,,,,,,,,,,,,,,,,,,,,,,,,,,,
Winter Olympics 2022,2022-09-03,,,,,,,,,,,,,,,,,,,,,,,,,,0.0004,,,,,,,,,,,,,,,,,,,,,,,,,,,,,,,,,
Winter Olympics 2022,2022-09-04,,,,,,,,,,,,,,,,,,,,,,,,,,0.0003,,,,,,,,,,,,,,,,,,,,,,,,,,,,,,,,,
Winter Olympics 2022,2022-09-05,,,,,,,,,,,,,,,,,,,,,,,,,,0.0001,,,,,,,,,,,,,,,,,,,,,,,,,,,,,,,,,
Winter Olympics 2022,2022-09-06,,,,,,,,,,,,,,,,,,,,,,,,,,-0.0,,,,,,,,,,,,,,,,,,,,,,,,,,,,,,,,,
Winter Olympics 2022,2022-09-07,,,,,,,,,,,,,,,,,,,,,,,,,,-0.0003,,,,,,,,,,,,,,,,,,,,,,,,,,,,,,,,,
Winter Olympics 2022,2022-09-08,,,,,,,,,,,,,,,,,,,,,,,,,,-0.0004,,,,,,,,,,,,,,,,,,,,,,,,,,,,,,,,,
Winter Olympics 2022,2022-09-09,,,,,,,,,,,,,,,,,,,,,,,,,,-0.0002,,,,,,,,,,,,,,,,,,,,,,,,,,,,,,,,,
Winter Olympics 2022,2022-09-10,,,,,,,,,,,,,,,,,,,,,,,,,,0.0001,,,,,,,,,,,,,,,,,,,,,,,,,,,,,,,,,
Winter Olympics 2022,2022-09-11,,,,,,,,,,,,,,,,,,,,,,,,,,-0.0002,,,,,,,,,,,,,,,,,,,,,,,,,,,,,,,,,
Winter Olympics 2022,2022-09-12,,,,,,,,,,,,,,,,,,,,,,,,,,-0.0006,,,,,,,,,,,,,,,,,,,,,,,,,,,,,,,,,
Winter Olympics 2022,2022-09-13,,,,,,,,,,,,,,,,,,,,,,,,,,-0.0004,,,,,,,,,,,,,,,,,,,,,,,,,,,,,,,,,
Winter Olympics 2022,2022-09-14,,,,,,,,,,,,,,,,,,,,,,,,,,-0.0001,,,,,,,,,,,,,,,,,,,,,,,,,,,,,,,,,
Winter Olympics 2022,2022-09-15,,,,,,,,,,,,,,,,,,,,,,,,,,0.0001,,,,,,,,,,,,,,,,,,,,,,,,,,,,,,,,,
Winter Olympics 2022,2022-09-16,,,,,,,,,,,,,,,,,,,,,,,,,,0.0002,,,,,,,,,,,,,,,,,,,,,,,,,,,,,,,,,
Winter Olympics 2022,2022-09-17,,,,,,,,,,,,,,,,,,,,,,,,,,0.0001,,,,,,,,,,,,,,,,,,,,,,,,,,,,,,,,,
Winter Olympics 2022,2022-09-18,,,,,,,,,,,,,,,,,,,,,,,,,,-0.0005,,,,,,,,,,,,,,,,,,,,,,,,,,,,,,,,,
Winter Olympics 2022,2022-09-19,,,,,,,,,,,,,,,,,,,,,,,,,,-0.0007,,,,,,,,,,,,,,,,,,,,,,,,,,,,,,,,,
Winter Olympics 2022,2022-09-20,,,,,,,,,,,,,,,,,,,,,,,,,,-0.0007,,,,,,,,,,,,,,,,,,,,,,,,,,,,,,,,,
Winter Olympics 2022,2022-09-21,,,,,,,,,,,,,,,,,,,,,,,,,,-0.0005,,,,,,,,,,,,,,,,,,,,,,,,,,,,,,,,,
Winter Olympics 2022,2022-09-22,,,,,,,,,,,,,,,,,,,,,,,,,,-0.0004,,,,,,,,,,,,,,,,,,,,,,,,,,,,,,,,,
Winter Olympics 2022,2022-09-23,,,,,,,,,,,,,,,,,,,,,,,,,,0.0002,,,,,,,,,,,,,,,,,,,,,,,,,,,,,,,,,
Winter Olympics 2022,2022-09-24,,,,,,,,,,,,,,,,,,,,,,,,,,-0.0002,,,,,,,,,,,,,,,,,,,,,,,,,,,,,,,,,
Winter Olympics 2022,2022-09-25,,,,,,,,,,,,,,,,,,,,,,,,,,0.0002,,,,,,,,,,,,,,,,,,,,,,,,,,,,,,,,,
Winter Olympics 2022,2022-09-26,,,,,,,,,,,,,,,,,,,,,,,,,,0.0003,,,,,,,,,,,,,,,,,,,,,,,,,,,,,,,,,
Winter Olympics 2022,2022-09-27,,,,,,,,,,,,,,,,,,,,,,,,,,0.0003,,,,,,,,,,,,,,,,,,,,,,,,,,,,,,,,,
Winter Olympics 2022,2022-09-28,,,,,,,,,,,,,,,,,,,,,,,,,,0.0002,,,,,,,,,,,,,,,,,,,,,,,,,,,,,,,,,
Winter Olympics 2022,2022-09-29,,,,,,,,,,,,,,,,,,,,,,,,,,0.0001,,,,,,,,,,,,,,,,,,,,,,,,,,,,,,,,,
Winter Olympics 2022,2022-09-30,,,,,,,,,,,,,,,,,,,,,,,,,,-0.0004,,,,,,,,,,,,,,,,,,,,,,,,,,,,,,,,,
Winter Olympics 2022,2022-10-01,,,,,,,,,,,,,,,,,,,,,,,,,,-0.0003,,,,,,,,,,,,,,,,,,,,,,,,,,,,,,,,,
Winter Olympics 2022,2022-10-02,,,,,,,,,,,,,,,,,,,,,,,,,,-0.0004,,,,,,,,,,,,,,,,,,,,,,,,,,,,,,,,,
Winter Olympics 2022,2022-10-03,,,,,,,,,,,,,,,,,,,,,,,,,,-0.0006,,,,,,,,,,,,,,,,,,,,,,,,,,,,,,,,,
Winter Olympics 2022,2022-10-04,,,,,,,,,,,,,,,,,,,,,,,,,,-0.0004,,,,,,,,,,,,,,,,,,,,,,,,,,,,,,,,,
Winter Olympics 2022,2022-10-05,,,,,,,,,,,,,,,,,,,,,,,,,,-0.0002,,,,,,,,,,,,,,,,,,,,,,,,,,,,,,,,,
Winter Olympics 2022,2022-10-06,,,,,,,,,,,,,,,,,,,,,,,,,,-0.0,,,,,,,,,,,,,,,,,,,,,,,,,,,,,,,,,
Winter Olympics 2022,2022-10-07,,,,,,,,,,,,,,,,,,,,,,,,,,-0.0004,,,,,,,,,,,,,,,,,,,,,,,,,,,,,,,,,
Winter Olympics 2022,2022-10-08,,,,,,,,,,,,,,,,,,,,,,,,,,-0.0005,,,,,,,,,,,,,,,,,,,,,,,,,,,,,,,,,
Winter Olympics 2022,2022-10-09,,,,,,,,,,,,,,,,,,,,,,,,,,-0.0002,,,,,,,,,,,,,,,,,,,,,,,,,,,,,,,,,
Winter Olympics 2022,2022-10-10,,,,,,,,,,,,,,,,,,,,,,,,,,-0.0,,,,,,,,,,,,,,,,,,,,,,,,,,,,,,,,,
Winter Olympics 2022,2022-10-11,,,,,,,,,,,,,,,,,,,,,,,,,,-0.0001,,,,,,,,,,,,,,,,,,,,,,,,,,,,,,,,,
Winter Olympics 2022,2022-10-12,,,,,,,,,,,,,,,,,,,,,,,,,,0.0005,,,,,,,,,,,,,,,,,,,,,,,,,,,,,,,,,
Winter Olympics 2022,2022-10-13,,,,,,,,,,,,,,,,,,,,,,,,,,0.0004,,,,,,,,,,,,,,,,,,,,,,,,,,,,,,,,,
Winter Olympics 2022,2022-10-14,,,,,,,,,,,,,,,,,,,,,,,,,,-0.0001,,,,,,,,,,,,,,,,,,,,,,,,,,,,,,,,,
Winter Olympics 2022,2022-10-15,,,,,,,,,,,,,,,,,,,,,,,,,,0.0002,,,,,,,,,,,,,,,,,,,,,,,,,,,,,,,,,
Winter Olympics 2022,2022-10-16,,,,,,,,,,,,,,,,,,,,,,,,,,0.0005,,,,,,,,,,,,,,,,,,,,,,,,,,,,,,,,,
Winter Olympics 2022,2022-10-17,,,,,,,,,,,,,,,,,,,,,,,,,,0.0003,,,,,,,,,,,,,,,,,,,,,,,,,,,,,,,,,
Winter Olympics 2022,2022-10-18,,,,,,,,,,,,,,,,,,,,,,,,,,0.0001,,,,,,,,,,,,,,,,,,,,,,,,,,,,,,,,,
Winter Olympics 2022,2022-10-19,,,,,,,,,,,,,,,,,,,,,,,,,,0.0003,,,,,,,,,,,,,,,,,,,,,,,,,,,,,,,,,
Winter Olympics 2022,2022-10-20,,,,,,,,,,,,,,,,,,,,,,,,,,0.0001,,,,,,,,,,,,,,,,,,,,,,,,,,,,,,,,,
Winter Olympics 2022,2022-10-21,,,,,,,,,,,,,,,,,,,,,,,,,,-0.0002,,,,,,,,,,,,,,,,,,,,,,,,,,,,,,,,,
Winter Olympics 2022,2022-10-22,,,,,,,,,,,,,,,,,,,,,,,,,,-0.0003,,,,,,,,,,,,,,,,,,,,,,,,,,,,,,,,,
Winter Olympics 2022,2022-10-23,,,,,,,,,,,,,,,,,,,,,,,,,,-0.0001,,,,,,,,,,,,,,,,,,,,,,,,,,,,,,,,,
Winter Olympics 2022,2022-10-24,,,,,,,,,,,,,,,,,,,,,,,,,,0.0001,,,,,,,,,,,,,,,,,,,,,,,,,,,,,,,,,
Winter Olympics 2022,2022-10-25,,,,,,,,,,,,,,,,,,,,,,,,,,-0.0007,,,,,,,,,,,,,,,,,,,,,,,,,,,,,,,,,
Winter Olympics 2022,2022-10-26,,,,,,,,,,,,,,,,,,,,,,,,,,-0.0,,,,,,,,,,,,,,,,,,,,,,,,,,,,,,,,,
Winter Olympics 2022,2022-10-27,,,,,,,,,,,,,,,,,,,,,,,,,,0.0001,,,,,,,,,,,,,,,,,,,,,,,,,,,,,,,,,
Winter Olympics 2022,2022-10-28,,,,,,,,,,,,,,,,,,,,,,,,,,0.0001,,,,,,,,,,,,,,,,,,,,,,,,,,,,,,,,,
Winter Olympics 2022,2022-10-29,,,,,,,,,,,,,,,,,,,,,,,,,,-0.0002,,,,,,,,,,,,,,,,,,,,,,,,,,,,,,,,,
Winter Olympics 2022,2022-10-30,,,,,,,,,,,,,,,,,,,,,,,,,,-0.0007,,,,,,,,,,,,,,,,,,,,,,,,,,,,,,,,,
Winter Olympics 2022,2022-10-31,,,,,,,,,,,,,,,,,,,,,,,,,,-0.0004,,,,,,,,,,,,,,,,,,,,,,,,,,,,,,,,,
Winter Olympics 2022,2022-11-01,,,,,,,,,,,,,,,,,,,,,,,,,,-0.0006,,,,,,,,,,,,,,,,,,,,,,,,,,,,,,,,,
Winter Olympics 2022,2022-11-02,,,,,,,,,,,,,,,,,,,,,,,,,,-0.0006,,,,,,,,,,,,,,,,,,,,,,,,,,,,,,,,,
Winter Olympics 2022,2022-11-03,,,,,,,,,,,,,,,,,,,,,,,,,,-0.0002,,,,,,,,,,,,,,,,,,,,,,,,,,,,,,,,,
Winter Olympics 2022,2022-11-04,,,,,,,,,,,,,,,,,,,,,,,,,,-0.0003,,,,,,,,,,,,,,,,,,,,,,,,,,,,,,,,,
Winter Olympics 2022,2022-11-05,,,,,,,,,,,,,,,,,,,,,,,,,,0.0002,,,,,,,,,,,,,,,,,,,,,,,,,,,,,,,,,
Winter Olympics 2022,2022-11-06,,,,,,,,,,,,,,,,,,,,,,,,,,-0.0001,,,,,,,,,,,,,,,,,,,,,,,,,,,,,,,,,
Winter Olympics 2022,2022-11-07,,,,,,,,,,,,,,,,,,,,,,,,,,-0.0001,,,,,,,,,,,,,,,,,,,,,,,,,,,,,,,,,
Winter Olympics 2022,2022-11-08,,,,,,,,,,,,,,,,,,,,,,,,,,0.0003,,,,,,,,,,,,,,,,,,,,,,,,,,,,,,,,,
Winter Olympics 2022,2022-11-09,,,,,,,,,,,,,,,,,,,,,,,,,,0.0008,,,,,,,,,,,,,,,,,,,,,,,,,,,,,,,,,
Winter Olympics 2022,2022-11-10,,,,,,,,,,,,,,,,,,,,,,,,,,0.0004,,,,,,,,,,,,,,,,,,,,,,,,,,,,,,,,,
Winter Olympics 2022,2022-11-11,,,,,,,,,,,,,,,,,,,,,,,,,,0.0007,,,,,,,,,,,,,,,,,,,,,,,,,,,,,,,,,
Winter Olympics 2022,2022-11-12,,,,,,,,,,,,,,,,,,,,,,,,,,0.0009,,,,,,,,,,,,,,,,,,,,,,,,,,,,,,,,,
Winter Olympics 2022,2022-11-13,,,,,,,,,,,,,,,,,,,,,,,,,,0.0006,,,,,,,,,,,,,,,,,,,,,,,,,,,,,,,,,
Winter Olympics 2022,2022-11-14,,,,,,,,,,,,,,,,,,,,,,,,,,0.0011,,,,,,,,,,,,,,,,,,,,,,,,,,,,,,,,,
Winter Olympics 2022,2022-11-15,,,,,,,,,,,,,,,,,,,,,,,,,,0.0012,,,,,,,,,,,,,,,,,,,,,,,,,,,,,,,,,
Winter Olympics 2022,2022-11-16,,,,,,,,,,,,,,,,,,,,,,,,,,0.001,,,,,,,,,,,,,,,,,,,,,,,,,,,,,,,,,
Winter Olympics 2022,2022-11-17,,,,,,,,,,,,,,,,,,,,,,,,,,0.0005,,,,,,,,,,,,,,,,,,,,,,,,,,,,,,,,,
Winter Olympics 2022,2022-11-18,,,,,,,,,,,,,,,,,,,,,,,,,,0.0009,,,,,,,,,,,,,,,,,,,,,,,,,,,,,,,,,
Winter Olympics 2022,2022-11-19,,,,,,,,,,,,,,,,,,,,,,,,,,0.0005,,,,,,,,,,,,,,,,,,,,,,,,,,,,,,,,,
Winter Olympics 2022,2022-11-20,,,,,,,,,,,,,,,,,,,,,,,,,,0.0006,,,,,,,,,,,,,,,,,,,,,,,,,,,,,,,,,
Winter Olympics 2022,2022-11-21,,,,,,,,,,,,,,,,,,,,,,,,,,0.0007,,,,,,,,,,,,,,,,,,,,,,,,,,,,,,,,,
Winter Olympics 2022,2022-11-22,,,,,,,,,,,,,,,,,,,,,,,,,,0.0011,,,,,,,,,,,,,,,,,,,,,,,,,,,,,,,,,
Winter Olympics 2022,2022-11-23,,,,,,,,,,,,,,,,,,,,,,,,,,0.0006,,,,,,,,,,,,,,,,,,,,,,,,,,,,,,,,,
Winter Olympics 2022,2022-11-24,,,,,,,,,,,,,,,,,,,,,,,,,,0.0004,,,,,,,,,,,,,,,,,,,,,,,,,,,,,,,,,
Winter Olympics 2022,2022-11-25,,,,,,,,,,,,,,,,,,,,,,,,,,-0.0002,,,,,,,,,,,,,,,,,,,,,,,,,,,,,,,,,
Winter Olympics 2022,2022-11-26,,,,,,,,,,,,,,,,,,,,,,,,,,0.0003,,,,,,,,,,,,,,,,,,,,,,,,,,,,,,,,,
Winter Olympics 2022,2022-11-27,,,,,,,,,,,,,,,,,,,,,,,,,,0.0001,,,,,,,,,,,,,,,,,,,,,,,,,,,,,,,,,
Winter Olympics 2022,2022-11-28,,,,,,,,,,,,,,,,,,,,,,,,,,0.0,,,,,,,,,,,,,,,,,,,,,,,,,,,,,,,,,
Winter Olympics 2022,2022-11-29,,,,,,,,,,,,,,,,,,,,,,,,,,-0.0002,,,,,,,,,,,,,,,,,,,,,,,,,,,,,,,,,
Winter Olympics 2022,2022-11-30,,,,,,,,,,,,,,,,,,,,,,,,,,-0.0001,,,,,,,,,,,,,,,,,,,,,,,,,,,,,,,,,
Winter Olympics 2022,2022-12-01,,,,,,,,,,,,,,,,,,,,,,,,,,-0.0001,,,,,,,,,,,,,,,,,,,,,,,,,,,,,,,,,
Winter Olympics 2022,2022-12-02,,,,,,,,,,,,,,,,,,,,,,,,,,0.0001,,,,,,,,,,,,,,,,,,,,,,,,,,,,,,,,,
Winter Olympics 2022,2022-12-03,,,,,,,,,,,,,,,,,,,,,,,,,,-0.0004,,,,,,,,,,,,,,,,,,,,,,,,,,,,,,,,,
Winter Olympics 2022,2022-12-04,,,,,,,,,,,,,,,,,,,,,,,,,,-0.0004,,,,,,,,,,,,,,,,,,,,,,,,,,,,,,,,,
Winter Olympics 2022,2022-12-05,,,,,,,,,,,,,,,,,,,,,,,,,,0.0002,,,,,,,,,,,,,,,,,,,,,,,,,,,,,,,,,
Winter Olympics 2022,2022-12-06,,,,,,,,,,,,,,,,,,,,,,,,,,0.0002,,,,,,,,,,,,,,,,,,,,,,,,,,,,,,,,,
Winter Olympics 2022,2022-12-07,,,,,,,,,,,,,,,,,,,,,,,,,,0.0,,,,,,,,,,,,,,,,,,,,,,,,,,,,,,,,,
Winter Olympics 2022,2022-12-08,,,,,,,,,,,,,,,,,,,,,,,,,,0.0002,,,,,,,,,,,,,,,,,,,,,,,,,,,,,,,,,
Winter Olympics 2022,2022-12-09,,,,,,,,,,,,,,,,,,,,,,,,,,-0.0,,,,,,,,,,,,,,,,,,,,,,,,,,,,,,,,,
Winter Olympics 2022,2022-12-10,,,,,,,,,,,,,,,,,,,,,,,,,,-0.0001,,,,,,,,,,,,,,,,,,,,,,,,,,,,,,,,,
Winter Olympics 2022,2022-12-11,,,,,,,,,,,,,,,,,,,,,,,,,,-0.0006,,,,,,,,,,,,,,,,,,,,,,,,,,,,,,,,,
Winter Olympics 2022,2022-12-12,,,,,,,,,,,,,,,,,,,,,,,,,,-0.0005,,,,,,,,,,,,,,,,,,,,,,,,,,,,,,,,,
Winter Olympics 2022,2022-12-13,,,,,,,,,,,,,,,,,,,,,,,,,,-0.0007,,,,,,,,,,,,,,,,,,,,,,,,,,,,,,,,,
Winter Olympics 2022,2022-12-14,,,,,,,,,,,,,,,,,,,,,,,,,,-0.0008,,,,,,,,,,,,,,,,,,,,,,,,,,,,,,,,,
Winter Olympics 2022,2022-12-15,,,,,,,,,,,,,,,,,,,,,,,,,,-0.0012,,,,,,,,,,,,,,,,,,,,,,,,,,,,,,,,,
Winter Olympics 2022,2022-12-16,,,,,,,,,,,,,,,,,,,,,,,,,,-0.0007,,,,,,,,,,,,,,,,,,,,,,,,,,,,,,,,,
Winter Olympics 2022,2022-12-17,,,,,,,,,,,,,,,,,,,,,,,,,,-0.0012,,,,,,,,,,,,,,,,,,,,,,,,,,,,,,,,,
Winter Olympics 2022,2022-12-18,,,,,,,,,,,,,,,,,,,,,,,,,,-0.0006,,,,,,,,,,,,,,,,,,,,,,,,,,,,,,,,,
Winter Olympics 2022,2022-12-19,,,,,,,,,,,,,,,,,,,,,,,,,,-0.0006,,,,,,,,,,,,,,,,,,,,,,,,,,,,,,,,,
Winter Olympics 2022,2022-12-20,,,,,,,,,,,,,,,,,,,,,,,,,,-0.0003,,,,,,,,,,,,,,,,,,,,,,,,,,,,,,,,,
Winter Olympics 2022,2022-12-21,,,,,,,,,,,,,,,,,,,,,,,,,,-0.0002,,,,,,,,,,,,,,,,,,,,,,,,,,,,,,,,,
Winter Olympics 2022,2022-12-22,,,,,,,,,,,,,,,,,,,,,,,,,,-0.0001,,,,,,,,,,,,,,,,,,,,,,,,,,,,,,,,,
Winter Olympics 2022,2022-12-23,,,,,,,,,,,,,,,,,,,,,,,,,,-0.0005,,,,,,,,,,,,,,,,,,,,,,,,,,,,,,,,,
Winter Olympics 2022,2022-12-24,,,,,,,,,,,,,,,,,,,,,,,,,,-0.0001,,,,,,,,,,,,,,,,,,,,,,,,,,,,,,,,,
Winter Olympics 2022,2022-12-25,,,,,,,,,,,,,,,,,,,,,,,,,,-0.0001,,,,,,,,,,,,,,,,,,,,,,,,,,,,,,,,,
Winter Olympics 2022,2022-12-26,,,,,,,,,,,,,,,,,,,,,,,,,,0.0003,,,,,,,,,,,,,,,,,,,,,,,,,,,,,,,,,
Winter Olympics 2022,2022-12-27,,,,,,,,,,,,,,,,,,,,,,,,,,-0.0002,,,,,,,,,,,,,,,,,,,,,,,,,,,,,,,,,
Winter Olympics 2022,2022-12-28,,,,,,,,,,,,,,,,,,,,,,,,,,-0.0001,,,,,,,,,,,,,,,,,,,,,,,,,,,,,,,,,
Winter Olympics 2022,2022-12-29,,,,,,,,,,,,,,,,,,,,,,,,,,-0.0008,,,,,,,,,,,,,,,,,,,,,,,,,,,,,,,,,
Winter Olympics 2022,2022-12-30,,,,,,,,,,,,,,,,,,,,,,,,,,-0.0007,,,,,,,,,,,,,,,,,,,,,,,,,,,,,,,,,
Winter Olympics 2022,2022-12-31,,,,,,,,,,,,,,,,,,,,,,,,,,-0.0007,,,,,,,,,,,,,,,,,,,,,,,,,,,,,,,,,
Winter Olympics 2022,2023-01-01,,,,,,,,,,,,,,,,,,,,,,,,,,-0.0011,,,,,,,,,,,,,,,,,,,,,,,,,,,,,,,,,
Winter Olympics 2022,2023-01-02,,,,,,,,,,,,,,,,,,,,,,,,,,-0.0005,,,,,,,,,,,,,,,,,,,,,,,,,,,,,,,,,
